drug_id,emb_0,emb_1,emb_2,emb_3,emb_4,emb_5,emb_6,emb_7,emb_8,emb_9,emb_10,emb_11,emb_12,emb_13,emb_14,emb_15,emb_16,emb_17,emb_18,emb_19,emb_20,emb_21,emb_22,emb_23,emb_24,emb_25,emb_26,emb_27,emb_28,emb_29,emb_30,emb_31
5-Fluorouracil,0.085552,-0.949544,1.867379,-1.815268,0.418338,-1.833333,-2.873408,-0.076525,1.740047,0.779983,0.1035,-0.634947,-2.457334,-1.277339,0.14578,1.127494,0.519342,-2.781308,0.863376,-0.794543,-0.971991,-0.00748,0.599404,1.273927,-1.807113,0.630836,-0.578981,0.930372,-0.645153,-0.43577,-2.060905,-2.110364
5-azacytidine,-0.507593,-1.104617,1.7235,-1.070543,0.781267,-1.527475,-0.650134,-1.221073,0.518895,0.809309,-0.39097,0.607591,-0.601747,-0.888765,-0.670214,0.453918,-0.002514,-2.218559,0.508936,-1.077989,-0.313325,0.869935,0.106378,1.621264,-0.505883,0.093834,-0.078278,1.197772,0.12772,-0.218032,-0.004484,-1.065089
A-366,0.550315,-1.426902,1.516344,-2.651742,0.496224,-3.28261,-2.398953,1.164894,0.991627,-0.246731,-0.351599,-1.098134,-1.482445,-1.41865,-0.420577,2.250584,0.261076,-2.356613,-0.032949,0.650053,-0.538771,0.813601,1.147255,1.328335,-1.418376,0.516501,-0.119994,1.518581,-0.721968,-0.334884,-1.700046,-1.837462
ABT737,0.428559,-0.320388,0.695403,-2.238251,0.273291,-1.985564,-0.461513,0.853551,-0.026844,-0.029648,-0.368001,0.439828,-0.825975,0.438891,-0.065262,0.745758,0.237108,-0.632582,-0.677379,-0.184829,-0.434939,0.724079,0.515249,0.03082,-0.492122,-0.724098,-0.766925,0.939899,0.006442,0.123861,-0.002142,-1.039217
AGI-5198,-0.734819,-1.544505,1.000128,-2.163449,0.258151,-3.102505,-2.813496,0.060358,0.4857,0.360389,-0.493062,0.126102,-1.308109,-0.68762,-1.432904,2.261248,1.278248,-2.506691,1.123973,-0.8254,-1.899178,0.492799,2.33602,0.583517,-1.197911,-0.424214,0.216269,1.170468,-0.647719,-0.54604,-2.289912,-1.599625
AGI-6780,0.519088,-0.94405,0.667405,-2.21711,0.130181,-1.770738,-1.408629,0.608611,1.407596,0.43378,-0.090455,-0.061366,-2.20049,-1.645623,-0.238992,1.996938,-0.111174,-1.887345,1.26286,-0.503118,-1.291439,0.858893,1.068748,0.905655,-0.877415,-1.204955,-0.290128,1.28137,-0.635808,-0.070248,-0.50461,-1.507123
AMG-319,0.279261,-2.041372,1.592153,-2.056416,0.342497,-2.932861,-1.434402,-0.365831,-0.056932,0.144996,0.064397,-0.366138,-1.555606,-0.838648,-0.958528,0.39003,0.386063,-2.07564,0.280003,-0.551463,-0.783608,0.390807,1.825988,2.18646,-1.319081,-1.018715,0.453272,0.320725,-0.535377,-0.046566,-0.787208,-1.85403
AT13148,0.189418,-1.592353,0.725207,-2.103474,0.132005,-2.305007,-1.309178,-0.095581,0.852748,0.021528,-0.292769,-0.290528,-1.603634,-0.410035,-0.566252,0.98612,0.287,-2.293721,0.175994,0.592634,-1.199819,0.53249,0.938627,0.899261,-1.087352,-0.199995,-0.491253,1.59005,-0.209997,-0.825349,-2.349653,-1.802358
AZ6102,-0.132312,0.429768,0.940714,-1.89687,-0.174931,-1.620668,-0.953549,-0.497241,0.533198,-0.219423,-0.645951,-0.11513,-0.815741,-0.165025,-0.087506,0.611214,0.636786,-1.279589,0.330592,-0.619085,-0.799069,0.534502,2.058587,0.908156,-0.988242,-0.667718,0.023578,1.882188,-0.589405,0.302414,-1.087894,-0.842442
AZ960,0.387802,-0.918437,0.171306,0.0994,0.617192,-0.776499,-0.400585,0.347506,1.450473,0.124428,0.219476,-0.905509,-1.296601,-1.030859,0.361581,-0.644137,0.00432,-2.551109,-0.22185,-0.475744,0.287653,0.564082,0.199942,1.089865,-0.492916,-0.166118,-0.403248,0.088345,-0.699083,-0.087789,-0.622619,0.056744
AZD1208,0.171083,-3.034266,1.438174,-2.664675,-0.151145,-3.519593,-2.441881,-0.374803,1.275011,-0.433133,-0.005407,0.640094,-3.013744,-1.285938,-1.993588,1.52908,0.867297,-2.440785,0.553584,-0.167184,0.197539,1.827979,1.376783,0.754058,-1.536418,-0.964766,0.751982,0.959342,-0.797719,0.124034,-1.808084,-2.37368
AZD2014,0.578593,-1.630197,0.373241,-0.818065,0.144346,-1.189456,-0.562112,0.110851,0.298204,-0.091888,-0.381279,0.197145,-1.288769,-0.046687,-0.291307,0.429695,0.533593,-1.515027,0.530725,-0.145103,-0.740206,0.663754,0.946558,1.186904,-0.064952,0.043715,-0.347474,1.861344,-1.014718,0.353393,-0.506817,-1.368218
AZD3759,-0.072685,-0.864889,1.294764,-1.309489,0.03204,-2.697501,-0.169229,-0.38159,0.739807,0.083044,-0.139261,0.169928,-0.318313,-0.436071,-0.031976,0.989499,0.77695,-1.60746,0.790633,0.254704,0.01295,0.147322,0.720497,0.846571,-1.340406,0.556129,0.252403,0.903349,-0.662484,-0.80834,-1.165477,-0.824003
AZD4547,0.325771,-0.776673,0.840264,-1.158347,0.417466,-0.847442,-0.72447,0.564382,0.745741,-0.612636,-0.616098,-0.01669,-1.204223,-0.363713,0.464736,1.22011,0.908041,-1.382094,-0.140848,-0.341149,-0.95121,1.275081,1.231108,1.015318,-0.062448,-1.260731,0.56265,0.135628,-0.392132,-0.306382,-0.566124,-0.855765
AZD5153,0.666368,-0.786091,0.731835,-0.478855,-0.721845,-1.358154,-0.684141,0.646441,0.570575,-0.505149,-0.123203,0.870795,-0.622545,-0.493835,0.034588,0.866569,-0.070476,-0.55737,-0.015797,0.183037,-0.225639,0.521543,0.093299,0.016509,0.087823,-0.181525,0.294459,0.294257,0.22958,-0.389062,-0.575245,-0.15567
AZD5363,0.574594,-1.193661,1.704456,-0.918871,-0.337467,-1.541829,-1.361554,0.390457,0.629118,0.188102,-0.557676,0.229776,-1.880555,-1.188523,-0.222116,1.732685,0.126411,-1.202649,0.822169,0.068107,-0.751933,-0.006672,-0.195523,0.688983,-0.150258,-0.834481,0.641929,0.384322,-0.369088,0.190341,-1.304364,-0.968546
AZD5438,-0.217119,-0.397612,0.701052,-0.837635,0.927312,-1.058751,-1.287198,0.096693,0.485811,0.161703,1.180231,-0.028133,-2.066599,-0.781952,-1.292896,0.584869,-0.749942,-1.686239,-0.530503,-0.081041,-0.47984,0.585315,0.678965,-0.036634,-0.338458,0.741802,0.439556,0.478947,-1.05389,-0.585713,-0.558153,-0.311856
AZD5582,0.122115,-0.25187,0.860732,-0.499077,-0.200525,-1.120684,-1.242683,0.13003,0.620511,0.944998,-0.726134,0.055199,-0.17052,-0.06418,0.132604,0.945298,0.860922,-1.630212,-0.493247,-0.240474,-1.497734,0.992268,1.24571,0.357226,-0.702553,-0.226726,0.230151,0.664766,-0.016175,-0.200725,-0.210182,-0.514188
AZD5991,-0.318767,-0.530279,0.252386,-1.428662,0.719992,-2.580821,-1.349365,0.494611,0.406036,0.157832,-0.209221,-0.616862,-0.523557,-1.196761,-0.019198,1.000768,-0.154178,-1.945198,0.691565,0.024157,0.014533,2.165334,1.292842,0.723109,-0.723959,-0.483283,0.838132,0.456202,0.641513,0.217769,-2.094903,-1.709193
AZD6738,0.399296,-0.097103,-0.103205,-0.434453,-0.83835,-1.314308,-0.304488,-0.148214,-0.27502,0.184134,-0.377286,0.119699,-1.400575,-0.852694,-1.308942,0.769866,0.142173,-1.736439,0.306868,0.264046,-0.546351,0.530379,0.804624,0.001197,0.484577,-0.435759,0.542679,1.016648,-0.380247,0.183112,-0.593868,-1.483824
AZD7762,-0.166955,-0.370453,-0.180964,-0.726078,0.57589,0.682091,0.408412,0.647209,-0.12751,-0.30773,-0.396311,0.303763,0.02382,-0.082288,0.619624,0.266613,-0.398479,-0.447429,0.360661,0.497501,0.234767,0.985559,0.880061,0.277024,-0.470211,-0.673756,-0.173591,0.435799,0.884249,0.197458,0.517233,-0.195235
AZD8186,0.298363,-0.608721,-0.196268,-1.384497,0.676346,-1.753307,-1.879591,-1.025144,0.529526,0.12953,-0.55353,-0.21894,-1.173173,-0.359108,-1.622349,0.362689,0.179186,-1.414761,0.557269,-0.135563,-0.844752,0.426282,0.630466,1.282526,-1.269858,0.126714,0.423504,0.91861,-0.790626,-0.856881,-1.391134,-1.319013
Acetalax,-1.203424,-1.580695,1.614692,-1.426983,0.044547,-2.722334,-2.139077,0.350214,1.80476,0.724363,0.098356,-0.668336,-1.69667,-1.852052,-0.771603,1.773048,0.851673,-2.135351,0.601507,-0.637423,-0.679485,0.380623,1.022252,1.335736,-1.089275,-1.346062,0.691725,1.753255,-0.71004,0.927096,-1.891615,-1.856615
Afatinib,-0.204275,-0.566409,0.24649,-1.313204,-0.168949,-1.027645,-0.049129,1.199452,1.036593,-0.302093,-0.40567,-0.230062,0.153774,-0.442267,-0.893838,0.277433,0.550162,-0.53565,0.061768,0.149363,-1.474701,0.35744,0.945316,0.048733,-0.837349,-1.087672,0.96041,0.127197,-0.118821,0.209224,0.203431,-0.674441
Afuresertib,-0.279753,-0.700113,1.253788,-0.993059,-0.322097,-2.227836,-1.598455,0.578607,0.388905,-0.176309,-0.443994,-0.181416,-1.219343,-0.671933,0.332073,1.555217,-0.549453,-1.147422,-0.147401,-0.410521,-0.348805,0.34856,0.882011,1.029102,-0.476859,-0.553387,-0.068231,0.005686,-0.783334,0.842955,-1.218812,-1.486339
Alisertib,0.152882,-0.610151,0.333783,0.06396,0.384152,-1.293213,-0.909122,-0.148002,0.824835,-0.064159,-0.957256,-0.182146,-1.544277,0.714421,-0.724526,0.473728,0.309394,-1.069376,0.025028,0.008865,0.407935,0.704694,1.280211,-0.034678,-0.281647,-0.084617,0.349356,1.199973,-0.361812,-0.300165,-0.313491,-1.516737
Alpelisib,-0.132531,-1.172411,0.399383,-0.747257,-0.312857,-2.115799,-1.241381,0.882446,0.766422,0.647157,0.229445,-0.252926,-2.089818,-1.46953,-0.428116,0.833348,0.818713,-1.469455,0.246363,-0.981269,-0.452018,0.130229,0.698166,0.483483,-0.946236,0.261968,0.343651,0.797839,-1.263546,0.082048,-1.546326,-1.191281
Avagacestat,-0.196777,-1.122171,1.119966,-1.808434,0.547222,-1.802093,-1.491163,0.242556,1.077667,-0.012718,-0.643517,-0.715133,-2.540525,-0.722248,-1.206824,2.207007,0.876732,-2.55879,0.472403,-0.839769,-0.851345,1.43536,1.150758,0.590333,-0.87127,-0.288391,-0.077394,1.054835,-1.127788,-0.632802,-1.773954,-1.876344
Axitinib,-0.337615,-1.336589,0.630228,-1.021339,0.030928,-1.194684,-0.948314,-0.617212,0.930371,0.457905,-0.32206,-1.020177,-1.334418,-0.655503,-0.977822,0.231364,0.267288,-1.712554,0.084749,-0.390306,-1.164181,0.336318,1.199988,0.668069,-1.595699,-0.516265,-0.235199,1.016693,-0.27436,-0.997458,-0.622018,-1.638975
BEN,0.763299,-1.30111,0.369666,-2.044627,0.426159,-2.561093,-1.651529,1.044014,0.541753,0.236834,0.570328,-0.228194,-2.587969,-0.616202,-1.137521,1.979416,0.003335,-0.643343,1.124877,-0.863124,-0.80708,1.115153,1.63631,1.345281,-0.386908,-0.434723,0.216497,1.004111,-0.149206,-0.041511,-1.189773,-1.046278
BI-2536,-1.021679,0.456496,-0.125152,1.18236,-0.823823,1.337125,0.416255,0.188387,0.627487,0.231538,0.233145,0.206964,0.179659,0.19092,-0.226468,-0.323577,-1.265901,0.717009,-0.153237,-0.058348,0.302811,-0.891118,0.670787,-0.316811,0.166266,-0.394569,-0.082441,0.415437,0.654529,0.480134,0.588519,0.161663
BIBR-1532,-0.745552,-1.70465,1.129541,-1.327142,0.471459,-2.165892,-1.415591,0.070313,0.222398,0.952686,0.5043,-1.139762,-1.487716,-0.900662,-0.618265,2.41063,1.193476,-2.348172,0.728116,-0.275821,-1.226653,0.900121,1.112462,1.245865,-1.45608,-0.786606,0.570769,1.317527,-0.475601,-1.092732,-1.734552,-1.748399
BMS-345541,-0.169039,-1.1617,0.043758,-1.063142,0.53618,-1.745866,-0.831165,0.300938,0.990229,0.252296,0.226182,-1.094784,-1.950184,0.061497,-1.698605,1.004816,0.935536,-1.839328,0.12703,-0.326849,-0.864869,0.63739,0.706652,1.501283,-0.141702,-0.381109,-0.356409,0.730034,-0.579229,0.063987,-1.628952,-1.60091
BMS-754807,0.24604,-0.259206,0.255857,-1.507651,1.785946,-0.958371,-1.048493,0.570134,0.446504,0.551635,2.6e-05,-0.161795,-1.075349,-1.219594,0.651712,0.257488,-0.443292,-1.320994,-0.257473,-0.291141,-0.122452,0.919037,1.117624,0.488746,-0.553344,-0.009078,-0.650685,0.957348,-1.058754,0.892272,-0.964415,-0.916508
Bleomycin,-0.395806,-1.173254,1.804493,-0.520457,-0.605121,-0.838049,-0.481123,0.019135,0.75257,0.131583,0.892448,-0.642473,-1.126727,-0.798183,-1.090301,1.953611,-0.311958,-1.320537,-0.607375,-0.512007,-0.338297,0.083972,1.129996,0.621158,-0.100934,0.429973,-0.024572,0.829963,-0.297094,0.159023,-0.890534,-0.875545
Bortezomib,-0.102771,1.541252,-0.504799,2.035498,0.057659,3.11033,1.786119,-0.11672,-1.578421,0.394029,-1.229262,0.378779,2.644345,0.327779,0.84602,-1.82319,-0.666389,2.945956,-0.355558,-0.47703,0.461294,-0.37032,-1.221694,-0.432222,2.018479,0.262604,0.786962,-1.35614,0.190795,-0.056399,0.423474,2.481408
Bromosporine,0.787592,-1.274868,0.482616,-0.837624,-0.328696,-2.298819,-1.068458,-0.017764,0.341374,0.235644,0.630885,-0.369925,-0.98709,-0.158638,-0.057011,0.459476,0.297401,-1.004891,-0.329131,0.352485,0.224851,0.082234,0.844577,0.996558,-0.881457,0.016548,0.32188,-0.026436,-0.117945,-0.684722,-0.332778,-1.203165
Buparlisib,-0.08547,0.307882,0.542348,-0.976333,-0.432765,-1.000466,-0.277662,0.249551,-0.157462,-0.52232,0.099434,-0.19861,0.549861,-0.239128,0.742393,-0.207145,-0.663722,-1.190538,0.710463,0.740338,-0.63317,-0.011536,-0.215786,-0.572777,0.059086,0.00093,0.12371,-0.351155,0.648617,-0.318073,-0.128833,-1.155066
CCT007093,-0.116483,-1.517228,1.456729,-1.842065,0.575633,-3.64622,-1.989465,0.366381,1.276841,0.305595,-0.818427,-1.13229,-3.431641,-0.722959,-0.31038,2.083765,0.693626,-3.838381,-0.003836,-0.520212,-0.996486,0.850293,1.805378,1.469969,-1.259018,-0.805671,1.011812,1.31835,-1.418674,-0.677389,-1.913594,-1.383654
CPI-637,-0.038354,-1.442531,0.425094,-1.164845,-0.059502,-2.550215,-0.954445,0.505543,0.128029,-0.666119,-0.179703,-0.990527,-1.562066,-0.897266,-0.505003,0.995334,1.30909,-0.828039,0.274183,-0.314779,-0.814927,0.65055,0.899343,0.645669,-1.638496,-0.191882,0.162798,-0.044519,-0.388915,-0.256,-0.738156,-1.339592
Camptothecin,-0.731007,-0.462044,-0.867392,0.440922,0.342674,1.205027,1.38657,-0.783915,0.026868,0.25473,-0.937742,0.847143,0.959238,0.640293,-0.148153,-0.014808,-0.804999,1.504153,0.210287,-0.24942,1.409467,-0.261748,-0.309362,-1.338325,1.57681,-0.42144,0.307995,-1.099469,-0.013759,0.508961,1.19658,0.102629
Cediranib,0.535635,-0.22993,0.116155,-0.069144,-0.57985,-1.706431,-0.705326,-0.286743,0.65723,0.242444,-0.175805,0.202005,-1.165952,-0.396303,0.245553,1.147345,0.637447,-1.828758,0.492939,-0.713184,-1.122247,0.399273,0.281271,1.057791,-0.189724,-1.171277,-0.178501,-0.035923,-0.572183,0.095516,-0.908154,-1.145821
Cisplatin,0.636377,-2.226885,1.454003,-1.512316,0.173116,-2.254377,-0.57777,-0.415511,0.756026,0.437801,-0.922981,-0.76582,-1.576019,-1.174573,-0.875728,0.898927,0.673849,-1.962312,0.868428,-0.890058,-1.3136,1.584533,0.718343,0.290568,-1.723531,0.223444,0.165856,0.864135,-0.566361,0.317873,-1.213615,-0.043118
Crizotinib,0.05611,-0.313137,1.058992,-0.99243,-0.126817,-1.397791,-0.804813,-0.129202,0.672449,0.754851,0.942689,0.186911,-0.248448,-0.889107,-0.016638,1.51282,-0.173967,-1.649662,1.127564,-0.794836,-1.210734,1.252095,1.421096,0.959201,-0.692532,-0.466007,0.405315,1.568367,-0.263087,0.935328,-1.331801,-0.964386
Cyclophosphamide,-0.208119,-2.234453,1.239176,-1.74416,0.596207,-2.049403,-1.892293,0.889962,1.214276,1.113143,1.014237,-0.216094,-2.861329,-1.425844,-0.595857,1.91919,0.898854,-2.590007,0.521887,-0.934065,-0.882215,1.905913,2.15912,1.756999,-0.827604,-0.680139,0.275746,1.18656,-0.829116,-0.507977,-1.165523,-2.151078
Cytarabine,-0.408395,0.42008,0.202968,-0.559458,0.334507,-1.589595,-0.07442,0.42115,1.164031,-0.250305,-0.010705,-0.137237,-0.638562,-1.102442,-0.184636,-0.162331,0.358238,-1.983103,-0.756903,0.208595,-0.626186,-0.175164,1.172711,0.649134,-0.001299,-0.244262,1.512447,0.206132,0.622534,-0.127436,-1.403803,-0.381958
Dabrafenib,0.139885,-1.896774,0.605157,-1.594931,0.445624,-3.775656,-1.195169,0.007943,0.291402,0.692678,-0.161724,0.217762,-1.697635,-0.933893,-0.673492,1.611706,0.238667,-2.711719,0.725065,-0.571427,-0.860711,1.337607,1.279548,1.214737,-1.387704,-0.185463,0.604331,1.714989,-0.910719,-0.469579,-1.038075,-1.424538
Dacarbazine,-0.475878,-1.131013,0.538355,-1.667342,-0.280267,-2.362943,-3.012864,0.908218,1.204929,0.105786,-0.102393,-0.191992,-2.946372,-1.622225,-0.452266,0.929626,0.287547,-1.453792,0.062702,-0.075708,-1.434899,1.286381,2.066408,2.135488,-1.515833,0.472821,0.264152,1.762792,-0.685698,-0.874179,-2.009252,-1.937167
Dactinomycin,-0.201461,2.364545,-1.309025,1.910249,0.202311,2.112765,1.004041,-0.597064,-1.057753,-1.078233,-0.376641,-0.415547,2.272195,1.087858,0.891241,-0.84903,-0.288194,2.637349,-0.65593,0.469863,1.105729,-1.32223,0.433104,-0.993045,0.978742,0.962902,0.099163,-1.036169,0.583368,-0.551254,0.918445,1.552493
Dactolisib,0.227638,1.056634,-0.407129,-0.178796,0.440284,1.544465,1.009237,-0.164836,0.210771,1.642187,0.106347,-0.528889,0.330371,0.616306,-0.608144,-0.361102,0.04526,1.51106,0.518427,0.594687,-0.795872,0.202574,-0.08203,-0.264762,-0.511201,-0.257988,-0.72311,-1.418905,0.200617,-0.320616,1.77921,0.420071
Daporinad,0.661241,0.341103,-1.140425,1.347712,-0.676357,1.874447,1.304525,-0.32646,0.141658,0.006737,0.362832,0.590272,1.879807,0.724639,0.329854,-1.041617,0.212712,2.439407,-0.4651,0.79374,0.623111,-0.634031,-1.333987,-1.081923,1.563789,0.375285,-0.284901,-1.761817,0.355332,0.076927,0.762828,1.283877
Dasatinib,-0.220303,-0.407586,0.408822,-0.994493,-0.110968,-0.790573,0.030111,0.211664,-0.018476,0.272019,0.804836,0.330937,-0.351892,0.058184,0.525052,0.985148,0.428787,-0.211732,-0.403685,-0.914085,-0.207899,0.293179,0.164326,0.80701,-1.286558,-0.398233,-0.102299,-0.405336,0.544597,-0.758165,-0.76233,-0.0522
Dihydrorotenone,0.319924,-0.79693,0.530095,-0.135405,1.214471,-0.247956,-0.375563,-0.383053,-0.202575,-0.37354,0.658997,-0.060146,-0.056835,0.591853,-1.284991,0.882145,0.106591,-0.187257,-0.339794,-0.465974,0.089006,1.332735,0.738367,0.846577,-0.288679,-0.371095,-0.314347,-0.020159,-1.136406,-0.405086,-0.534183,-0.36232
Dinaciclib,0.076356,1.002574,-0.646197,0.657305,-1.143869,1.234096,0.545156,0.080164,-0.118801,0.336212,0.468281,0.167054,0.887145,0.185432,-0.396048,-0.324964,-0.354187,0.74589,-0.664908,-0.134457,0.547165,0.058747,-0.974601,-1.849437,0.557091,0.162017,-0.369697,-1.071274,0.480815,0.177241,0.846691,1.135216
Docetaxel,-0.201625,0.798306,-0.119953,1.481924,0.207791,2.54287,1.570925,0.270332,-1.51689,-0.066681,0.022527,1.135359,1.919822,0.393656,0.640019,-0.957178,-0.111218,1.226762,-0.139139,0.26514,0.807835,-0.964551,-1.307825,-0.330173,0.30066,-0.184375,-0.352008,-1.346629,0.02936,0.235369,0.336949,0.674003
Doramapimod,1.006391,-1.389057,0.885598,-1.659356,0.603325,-2.502008,-2.096326,0.789539,0.110977,-0.26588,-0.09506,-0.296013,-2.718724,-0.97199,-1.016914,1.479414,1.038284,-2.24381,-0.00253,-1.117982,-1.241595,0.922779,1.248964,1.945617,-1.110702,-0.270198,-0.126281,2.076687,-2.143446,0.132882,-1.226056,-2.046958
EHT-1864,0.621541,-1.200255,0.940078,-1.179193,1.824069,-1.493099,-1.116999,-0.238883,0.887755,-0.217211,0.283271,-0.262468,-2.195937,-0.754822,-0.933686,1.243664,-0.049861,-1.934308,0.733328,-0.452018,-0.943402,0.777503,1.487783,0.475416,-0.796956,0.31711,0.652854,1.106795,-0.20959,0.021106,-0.845632,-2.333701
EPZ004777,-0.797923,-1.158517,0.539009,-1.716331,0.151955,-3.575381,-1.910836,0.40965,2.214791,-0.043305,0.538452,-0.296614,-2.652246,-0.730754,-0.440476,1.677929,0.672734,-3.06701,0.096018,-0.224977,-1.174946,0.920479,1.758898,1.595041,-2.032493,0.157567,0.580777,1.43058,-0.537028,-0.173271,-1.353755,-1.609421
EPZ5676,0.336042,-1.117601,1.836242,-2.149894,-0.207372,-2.488257,-2.370486,0.097178,0.383532,0.459751,-0.121611,-1.268007,-2.279847,-1.469421,0.564254,1.50742,0.364927,-3.426205,1.188346,-0.839204,-1.510018,1.39043,1.057639,1.89132,-0.531995,-0.240892,0.880528,2.088836,0.042528,0.290206,-1.655694,-1.575939
Elephantin,-0.457784,-0.772914,0.400138,-1.523644,-1.312009,-1.950436,-1.7799,0.771669,1.005719,0.750161,-0.668747,0.188668,-0.570061,-0.408101,-0.110473,1.245213,0.114859,-1.554711,-0.397291,-0.631586,-1.628593,0.319615,1.452761,1.274973,-0.895761,-0.254225,-0.579301,0.884585,-0.86667,-0.53333,-0.914646,-1.743342
Entinostat,-0.311077,-1.728191,0.385372,-1.334171,0.174799,-1.744048,-0.807463,0.055085,1.31403,0.359536,-0.994678,-0.827349,-0.929443,-0.930879,-1.782356,1.359048,0.582536,-0.880727,-0.093882,-0.035425,-0.790352,0.498367,0.207074,1.360962,-1.328344,0.415989,0.233885,0.386737,-0.226668,0.246497,-0.032757,-0.617733
Entospletinib,-0.460445,-1.155298,1.828462,-0.691748,0.688008,-1.794165,-1.13593,0.799578,0.597705,-0.485857,-0.094858,-0.745593,-2.181326,-1.165328,0.727405,1.250517,0.565312,-2.583247,-0.559369,-0.840264,-0.03808,0.851334,1.452532,1.410976,-1.23439,0.34811,0.054134,1.794322,-0.314834,-1.102193,-1.611507,-2.230498
Epirubicin,0.584588,0.218532,-1.293734,0.454386,-0.314177,-0.314104,1.128928,0.010668,-0.307924,-0.237122,-0.731394,-0.586543,0.965222,-0.079798,0.111592,-1.252937,-0.734058,0.689781,0.118108,0.960752,0.819251,-0.248885,0.011408,-0.361602,1.210607,0.642009,0.012527,-0.112766,0.82703,0.330319,1.020829,-0.83569
Erlotinib,0.219222,-1.150448,1.572434,-0.257218,0.192703,-0.886187,-0.22946,0.203358,1.859248,0.128968,-0.20487,0.178798,-1.424799,-0.564894,0.315928,0.901843,-0.557488,-1.304383,-0.074613,0.107618,-0.223242,1.251968,1.323951,1.331142,-1.042866,0.141012,1.263819,0.479056,0.495436,-0.431375,-1.359756,-0.861523
Fludarabine,0.338668,-1.055539,0.694492,-1.527252,-0.044322,-3.544727,-2.362277,-0.094146,1.316028,0.820983,-0.901859,-0.254281,-2.70108,-0.714077,-0.969594,0.984908,0.890845,-2.812753,0.305117,-1.660257,-0.49401,1.284508,1.475973,0.56696,-0.594513,-0.77498,0.246681,2.550025,-1.036533,0.105808,-1.299849,-1.514231
Foretinib,0.13707,-0.119824,0.375506,-0.381484,0.816465,-1.22701,0.123945,0.4685,0.56425,0.608394,-0.079978,-1.022172,-0.46671,-0.705225,-0.500073,-0.313363,-0.138607,-0.811731,-1.094408,0.23797,0.913033,0.481246,0.198778,0.243827,-0.454883,-0.045026,0.077964,-0.136433,0.701903,-0.797643,0.036987,-0.398949
Fulvestrant,0.93508,-1.031397,0.754668,-1.511043,0.257276,-2.798081,-1.892593,-0.668787,0.377598,0.241671,0.018682,-1.331795,-1.748584,-0.536222,-0.604859,0.884266,0.184357,-2.273645,0.049877,-0.35064,0.384688,0.32317,1.012407,1.032323,-1.297242,0.197774,-0.809043,0.842939,-0.135307,-0.358003,-1.667498,-1.138818
GDC0810,0.432517,-1.513262,0.858103,-1.640114,0.118592,-2.626224,-1.290849,-1.001538,1.185584,-0.605628,1.043922,-0.694831,-1.889346,-1.119212,-1.106442,1.156652,1.318667,-2.219952,1.467727,-0.561552,-0.891911,0.802432,1.434163,0.904163,-1.242221,-0.867801,0.727876,1.577849,-0.589423,0.553457,-1.711846,-1.452151
GNE-317,1.022729,0.416223,0.760958,-0.426995,0.161638,-1.098397,-0.048255,0.181356,0.177219,0.552009,-0.62981,0.749939,0.119473,-0.19667,-0.177617,0.477259,0.837447,-0.34438,0.144659,-0.077257,0.73928,-0.047335,0.216344,0.940464,-0.114605,0.49922,-0.381388,0.116022,0.63481,-0.379785,-0.323634,-0.139786
GSK-LSD1,-0.505334,-1.04983,0.711832,-0.94959,0.806626,-0.790998,-1.486518,0.21252,0.925633,0.894743,0.267081,-0.094503,-0.845013,-0.236784,-0.830956,0.938856,1.003421,-1.508704,0.322997,-0.428143,-1.696392,0.49776,0.972534,0.485922,-1.246119,-0.686725,0.646089,1.763707,0.309347,-0.820131,-0.454362,-1.284878
GSK1904529A,-0.308962,-1.628104,1.439522,-1.13297,0.22687,-2.629038,-1.522252,0.544029,1.563544,-0.415828,-0.142745,-0.931736,-1.978431,-1.06392,-0.631826,0.996467,-0.289764,-3.375995,0.362488,-0.724151,-1.232106,1.469229,0.932115,1.938533,-0.29659,-1.383885,0.483752,1.088737,-2.088837,-0.967555,-1.073875,-0.570454
GSK2110183B,0.438054,-0.879301,0.798975,-0.36036,1.279707,-2.222348,-2.307343,-0.855321,1.387822,0.145151,-0.022213,-1.191706,-1.831922,-0.856292,-0.349493,0.841242,-0.180435,-2.127665,0.923161,-0.256649,-0.360224,0.152643,-0.462086,0.655118,-1.259337,-0.129855,1.968928,1.307824,0.896323,0.101638,-1.403922,-1.003483
GSK2578215A,0.870058,-0.672968,0.947068,-1.706038,-0.401105,-2.529362,-1.217087,0.315412,0.774833,0.437309,0.035128,-0.41142,-2.130078,-1.167478,-0.193496,1.954979,0.02426,-3.151826,0.359301,-0.209635,-0.942111,0.596623,1.678411,1.232556,-0.819521,-0.297635,0.339626,1.580168,-0.061773,-0.563511,-1.459411,-1.830877
GSK2606414,0.197984,-1.542525,1.000219,-0.84876,-0.228533,-2.916238,-2.171729,-0.35915,1.146113,-0.506039,-0.28182,-0.036804,-1.490398,-1.019835,-0.433783,1.268139,0.282675,-2.131038,1.490066,-0.03778,0.462585,0.454295,1.142069,0.403919,-1.368991,0.595691,0.119583,2.08048,-1.172222,-0.740045,-1.441724,-1.40624
GSK2801,0.441237,-1.365966,1.029381,-1.903446,0.154709,-3.405698,-2.442269,0.810124,0.196958,1.066507,-0.345493,-0.839272,-1.854592,-0.340415,-0.134226,1.841392,1.060414,-3.510785,0.226677,-1.034951,-0.406126,0.728543,1.973867,1.669062,-1.693776,-0.758697,1.145303,1.07999,-0.658495,-0.670599,-1.821484,-1.822803
GSK2830371,-0.413728,-2.227383,1.501842,-2.438996,-0.060321,-3.706571,-2.232893,0.797032,1.973086,-0.079888,0.884124,-0.999725,-1.900495,-1.549909,-1.196359,1.373809,0.541376,-2.622259,0.870266,-1.108083,-1.612991,0.552067,1.64736,1.43324,-1.861333,-0.375965,1.678476,1.359078,-1.008271,-0.026847,-2.106887,-1.641449
GSK343,-0.374119,-0.247461,1.077217,-1.652984,-0.064588,-2.412608,-0.774678,-0.417821,0.478369,-0.092319,-0.135061,-0.46678,-2.372042,-0.991766,-0.556495,0.848824,0.72138,-1.479704,0.317311,-0.308334,-1.825167,0.462315,1.636548,0.812724,-1.291801,0.7987,1.27394,1.306923,0.042346,-1.317199,-1.610784,-1.55085
GSK591,-0.136081,-1.662679,-0.172512,-1.44335,0.551778,-1.825702,-2.174394,-0.171218,-0.350186,0.082911,0.295546,-0.709469,-0.91002,-1.093143,-0.543923,0.735366,0.60418,-3.352758,0.781236,-0.153932,-0.227669,0.309878,1.462185,1.530153,-0.903708,-0.847104,-0.751981,1.481056,-0.718513,-0.532184,-1.100908,-1.6258
GW441756,-0.673499,-2.055086,0.282676,-0.060868,0.576502,-1.924002,-1.458759,0.079055,1.344161,-0.068802,0.169351,-0.484327,-0.552684,-0.370239,0.148356,0.796549,0.882968,-1.972083,0.388799,0.420919,-1.218565,0.731603,1.280852,1.219148,-1.089721,0.724667,-0.30629,1.734178,0.114021,0.75923,-1.933553,-1.666416
Gallibiscoquinazole,0.734822,-1.812219,-0.123784,-1.252606,0.268524,-0.822631,-1.189752,-0.141507,0.765689,0.376353,0.125091,-0.337713,-2.198844,-1.05342,0.329635,0.966748,0.122577,-0.897237,-0.297356,-0.430763,-0.490278,0.284573,0.902016,0.675417,-1.392889,-0.164679,-0.390543,0.888636,0.291256,-0.293871,-1.499606,-1.051595
Gefitinib,-0.429039,-0.7257,0.721522,-0.325846,0.783495,-1.971816,-0.926738,-0.006226,0.731179,-0.01498,0.27138,0.425285,-1.030614,-0.235222,0.016014,1.298014,-0.237316,-0.854621,1.21564,-0.489368,-0.840028,0.897783,1.272528,0.799706,-1.436654,-0.146201,0.596096,1.3064,-0.288782,-0.315116,-0.57298,-1.123975
Gemcitabine,-0.230534,0.060748,-0.99047,0.083254,0.314386,0.449794,0.950039,-0.159605,0.13818,0.371893,1.187947,0.11539,-0.310914,0.526781,0.998657,-0.312265,0.371461,0.866181,0.462243,0.117781,-0.252551,-0.128006,0.082041,0.321095,0.286839,-0.145789,0.230375,0.290704,0.258246,-0.391576,0.067316,0.644766
I-BET-762,-0.704534,-2.06734,1.547844,-0.922476,0.50493,-2.429602,-0.913011,0.327607,-0.079501,0.877522,-0.032266,-0.488624,-1.615853,-1.702302,-0.147874,1.151112,0.234571,-1.062192,-0.37917,-0.670013,-1.078272,0.450905,1.028708,1.113745,-0.983379,-0.737085,1.162692,2.147277,-0.390787,-0.557562,-0.329949,-1.877786
ICL-SIRT078,-0.184983,-1.727034,0.492613,-1.731669,-0.159783,-2.548564,-1.718015,-0.054011,0.777508,0.107994,0.254148,-0.466774,-1.515251,-0.64558,-0.314786,2.072131,-0.111708,-2.535129,1.304169,-0.630704,-2.290089,0.69598,1.41162,-0.094414,-0.42715,-0.759987,0.596161,1.158862,-1.268892,-0.777304,-1.909909,-1.016701
IWP-2,-0.085543,-1.183603,0.250224,-0.466901,0.914298,-1.117102,-0.912395,0.316643,0.036216,0.02658,-0.442813,-1.175417,-0.761234,-0.975855,0.196143,1.36303,0.578107,-1.231507,-0.02495,0.593007,-0.568935,0.684548,0.574831,0.346799,-0.493425,-0.160978,-0.105706,0.131782,-1.052958,0.436111,-1.271713,-1.212938
Ibrutinib,0.708188,-1.891867,0.671413,-1.920425,1.071822,-1.468927,-1.295316,0.639379,0.638947,1.189277,-0.011658,0.047712,-1.91301,-1.03971,0.251954,1.599913,1.158022,-2.090559,-0.016427,-0.776175,-0.800208,0.456349,0.743453,1.772427,-1.328322,-0.319949,0.564856,0.933335,0.122512,-0.792163,-1.261157,-1.381985
Ipatasertib,-0.041169,-1.74887,1.291162,-0.898377,-0.120488,-1.685044,-1.194355,-0.435497,0.341316,0.747428,0.034391,-0.595412,-1.967452,-1.006603,-0.701476,0.67682,-0.513391,-1.264212,0.822485,-1.037257,-0.636096,0.185252,0.94184,0.796495,-1.087016,0.679777,0.124475,0.610799,-0.879811,0.328734,-1.977052,-1.625812
Irinotecan,0.712293,-0.749282,0.773522,0.060419,0.295223,-1.968346,-1.235114,-0.405554,1.236271,0.428443,0.466943,0.358462,-1.425018,-1.065339,-0.405302,0.43441,0.365529,-0.886233,0.18289,-0.242209,-0.604528,0.905224,0.515381,-0.331093,-0.45586,0.239208,0.496061,0.483477,-0.96222,0.094315,-0.840589,-1.048256
JNK Inhibitor VIII,0.890215,-2.120391,2.168326,-1.885118,-0.592558,-3.141058,-1.588407,0.124011,0.412498,0.184585,-0.608665,-0.22295,-1.915548,-1.649025,-1.070175,2.024396,0.105635,-3.286358,-0.084705,-0.423603,-0.899475,0.610435,1.607941,2.213688,-1.793799,-1.457354,0.743357,1.463848,-1.101148,0.036945,-1.303092,-2.966786
JQ1,-0.334863,0.48765,0.8136,-0.436563,0.718969,-1.234859,-0.444381,0.483938,0.738071,-0.052274,0.012652,-0.485228,-0.931702,-1.04098,-0.687583,0.529579,-0.25383,-1.371143,0.123666,-0.0432,0.045127,0.156211,1.321713,1.060195,-0.280429,-0.119368,0.369744,1.212501,0.307758,0.549674,-0.681297,-0.481499
KU-55933,0.6512,-1.924108,1.094582,-1.852892,0.768166,-2.529505,-2.139963,-0.454233,1.248724,-0.197944,-0.921249,-1.090903,-2.090494,-0.416727,-0.682696,1.717043,1.115219,-3.459598,0.754084,-0.592769,-0.748792,0.690625,1.162566,1.489788,-0.454609,-0.040872,0.251093,0.81652,-1.57143,0.375053,-2.163908,-1.986113
L-Oxonoreleagnine,0.645156,-2.017645,1.687647,-1.524242,-0.335219,-2.366785,-1.881588,0.445744,0.521209,-0.759667,-0.242656,-1.022927,-1.59021,-1.417525,-0.77127,1.301314,0.287089,-1.892824,0.711102,-1.019746,-0.807028,-0.964605,1.303786,0.91557,-1.452324,-0.196076,0.965525,0.878635,-1.020887,-0.129999,-1.934154,-1.699412
LCL161,0.591685,-1.498266,0.249593,-2.663727,0.383041,-2.402313,-2.729249,0.5095,1.732929,1.191713,-0.001606,-0.181968,-3.204403,0.009046,-0.953788,1.061769,0.369238,-1.793362,1.57262,-0.49409,-0.479727,0.906031,0.971836,2.08492,-1.524498,0.320672,1.128248,1.717569,0.221644,0.847727,-1.687283,-2.134005
LGK974,-0.949171,-0.212719,0.818389,-0.973451,-0.106997,-1.704396,-2.026518,-0.347378,0.827852,-0.049584,0.152177,-0.405756,-1.552364,-1.05411,-0.91398,1.042537,1.45619,-2.112754,-0.582817,-0.746162,-0.805989,1.694768,1.815694,0.714619,0.149903,-0.405873,1.041291,0.653845,-1.803903,-0.938558,-3.021601,-0.453828
LJI308,0.086647,-2.078158,1.482891,-1.770383,0.629542,-2.388969,-2.173994,-0.13918,1.542023,0.662961,-0.126305,0.628789,-2.477609,-1.549615,-0.49466,1.277468,0.772695,-3.109852,0.294973,0.357141,-1.236909,0.535015,2.160369,0.89717,-1.628521,-0.184095,0.975268,2.100552,-1.105632,0.014378,-1.923172,-2.13024
LMP744,0.602246,-0.224631,0.100105,0.13567,-0.545279,0.575955,0.34311,-1.002479,0.1037,-0.394611,0.554021,-0.708425,-0.108141,0.21514,0.049009,0.331361,-0.775502,0.909543,0.247207,0.698116,0.469213,-0.034805,-0.690979,-0.325929,0.834569,0.707379,-0.325505,-1.455403,-0.083627,-0.135049,-0.072435,0.320982
LY2109761,0.417431,-1.125095,1.482862,-2.770523,0.149346,-1.849858,-1.847461,0.48547,1.310956,0.470199,-1.368711,-0.581005,-2.283807,-0.461939,-0.681789,0.796087,0.741413,-3.102609,-0.111948,-1.006964,-0.765685,1.566371,1.820792,1.742584,-1.049025,-0.423001,0.855908,0.284992,-0.678474,-0.806863,-1.113278,-1.905976
Lapatinib,0.002098,-1.800713,1.323546,-0.896175,0.485455,-2.348517,-1.703034,0.306886,0.384561,0.38727,-1.195062,-0.542162,-0.566818,-0.493613,-0.37309,2.040207,-0.827456,-2.154804,0.120576,0.047564,-0.232992,0.173159,1.520683,0.721228,-0.225833,-0.822747,0.266622,0.721668,0.05316,-0.445376,-1.117587,-0.932018
Leflunomide,0.252107,-1.164767,1.356237,-2.06541,0.142726,-2.966831,-1.894703,0.225741,1.132436,-0.498062,0.157835,-0.36727,-1.747149,-1.094439,-1.569597,1.428125,0.422505,-2.30924,-0.542369,-0.564926,-0.772418,0.599306,1.604943,1.102488,-1.640812,-0.674366,0.148338,1.82512,-1.096058,-0.733748,-0.798211,-1.338455
Lenalidomide,-0.952203,-2.062993,1.428182,-1.777934,-0.413381,-2.534459,-1.697757,0.553746,1.851722,0.498434,0.040536,0.300413,-1.79863,-1.564522,-0.415316,1.347539,0.798056,-2.563007,-0.176793,-0.672784,-0.94294,0.753754,1.795521,1.88267,-1.348738,-0.379011,1.21806,1.786653,-0.660953,-0.774035,-1.422355,-1.735591
Lestaurtinib,0.641604,0.00259,-0.89192,-0.874125,0.371957,-0.323725,0.192203,0.060997,-0.068864,-0.044803,-0.434974,-0.013824,-0.321391,-0.200317,-0.170904,-0.092509,0.46786,-0.099648,0.518239,0.761337,0.414129,0.279291,0.183739,0.451036,0.028138,0.48619,0.313583,-0.160691,0.43848,0.04208,-0.074874,-0.261679
Linsitinib,0.066676,-0.781733,1.439853,-1.300678,0.552573,-1.7356,-1.682256,-0.319483,1.544203,-0.057512,-0.485118,-1.262472,-1.503557,-1.681829,-0.932561,1.57337,0.776782,-2.459353,0.325106,-0.902295,-1.09336,0.873313,0.996816,1.004859,-1.747913,0.192292,0.655904,1.576986,0.065351,-0.637277,-1.518002,-2.394978
Luminespib,1.578262,0.5561,0.028741,0.109116,0.373613,2.09768,0.762083,-0.622863,-0.509871,-1.215597,0.050037,0.590083,0.864015,0.287296,0.538541,-0.328529,-1.034911,1.096012,1.024686,-0.437818,0.361054,0.606027,-0.062873,-0.812179,0.603636,0.18338,-0.571625,-0.619009,0.14583,0.167114,0.285704,0.075192
MG-132,-0.015584,1.2538,-0.267041,0.291557,0.298798,0.654974,1.431583,-0.075705,0.073603,-0.4415,0.294869,0.250347,0.525632,0.01879,-0.14645,-0.254844,0.185743,0.596891,0.022225,0.125303,0.302852,-0.329369,-0.377248,1.000143,0.470206,0.438486,0.094914,-0.496868,0.826503,-0.07603,0.941984,0.281021
MIM1,-0.496478,-1.109702,0.45272,-1.223909,-0.341872,-2.553993,-2.338754,1.652625,0.075341,0.214299,0.430343,0.150279,-1.380911,-1.03818,0.112697,1.748376,0.526011,-2.03394,0.244032,-0.925352,-0.208545,1.403501,0.817707,1.061024,-1.097138,-0.39415,0.436913,1.665434,-0.959104,-0.650027,-0.733503,-1.692948
MIRA-1,-0.653172,-1.939472,1.154599,-1.181143,0.797497,-2.570178,-1.720849,0.78895,0.840696,0.175629,-0.680495,-0.588311,-2.02997,-1.087569,-0.083272,1.125255,0.801393,-3.452633,0.567023,-0.247629,-1.193251,1.256888,1.174187,0.662227,-1.067859,0.375929,0.03343,2.176184,-0.747037,-0.965702,-2.340668,-1.911206
MK-1775,-0.205085,-0.880136,-0.673072,-0.681537,0.141074,-0.417621,-0.531497,0.142575,0.67618,0.233303,-0.085111,0.40036,-0.792595,-0.264689,-0.197957,-0.394922,-0.13727,-1.410319,1.024625,-0.550142,0.649905,0.148396,0.500463,-0.047458,-0.073509,0.259854,0.40233,0.59369,-0.2855,-0.279442,-1.03105,0.008642
MK-2206,0.529798,-0.08469,0.846793,-1.413601,-0.672273,-1.133078,-2.019093,-0.004156,0.511094,0.109903,-0.079703,-0.18505,-2.455516,-0.600202,-1.503555,1.258293,0.012442,-2.566479,-0.133584,-0.610037,0.024045,0.614558,1.04236,1.376587,-0.75635,0.116127,0.621508,0.1801,0.332081,-0.866842,-0.475035,-1.768104
MK-8776,0.287986,-0.059006,0.663371,-1.270826,0.500706,-1.99885,-0.333975,0.280348,0.531083,-0.109751,-0.574715,-0.595695,-1.559158,-0.917557,-0.760222,2.038833,-0.193438,-1.5768,0.599587,-0.045363,-0.662868,0.452147,1.190737,1.004892,-0.914944,-1.070346,0.076084,0.339786,-0.782063,-0.157156,-0.856105,-0.229362
ML323,-0.287157,-1.058824,1.27759,-1.021178,0.573679,-3.183565,-2.677462,0.424786,0.74543,-0.255857,-0.791907,-0.331191,-1.267629,-1.18853,-0.334665,1.394198,-0.174885,-2.04308,-0.104248,-0.515684,-1.09627,1.282842,0.88054,1.468711,-1.567304,-0.678318,-1.364686,2.379846,-0.379864,-0.637513,-2.074945,-1.883317
MN-64,0.339362,-2.441094,1.091857,-0.840315,-0.271749,-2.729759,-0.775707,0.594335,1.106768,0.495544,-0.363899,0.224212,-2.289524,-1.997075,-0.846754,1.010852,0.3451,-2.621561,1.056797,-0.196659,-0.825182,0.863118,0.927866,0.225757,-1.129636,-0.039744,0.414067,1.111485,-0.445051,-0.304091,-0.720908,-1.074448
Methotrexate,0.478853,0.308269,-0.590182,0.250011,0.202104,0.172412,0.157654,0.239521,1.399723,-0.026655,0.46045,-0.255592,0.296636,0.421613,0.151467,0.905182,-0.419203,-0.361286,0.127821,0.414701,0.044533,0.683706,-0.26203,-0.50813,0.09805,-0.059229,0.293542,0.051412,-0.201993,-0.049861,-0.059419,-0.232333
Mirin,-0.121285,-1.747083,1.630048,-1.686608,1.43352,-2.782672,-2.215872,1.622947,1.285692,0.745427,0.127093,-0.128399,-1.892253,-1.602715,-0.489216,0.881996,0.414835,-2.938562,0.652213,-0.395531,-0.748391,1.03729,1.202849,1.230073,-0.765875,0.082178,-0.089425,0.659781,-1.063505,0.251361,-1.008883,-2.209981
Mitoxantrone,0.151128,0.719238,0.361616,0.48224,0.538457,-0.821901,-0.343594,0.054225,0.190289,0.49024,0.182696,-1.52446,-0.933163,-1.228428,0.001462,0.318111,0.205929,-0.809462,0.397733,0.286053,-0.754278,-0.618528,0.192912,1.070204,0.692791,0.223825,-0.302994,0.626019,-0.315902,-0.418504,-1.279062,-0.172709
Motesanib,-0.33743,-1.714718,0.221293,-1.94992,-0.867438,-2.722298,-1.9528,0.188785,1.512195,-0.20341,-0.156568,-0.104476,-4.011462,-1.423408,-0.779089,1.663805,1.301275,-3.500487,0.229585,-1.599768,-0.373112,0.896363,1.499208,1.525964,-1.080643,-0.341696,1.876073,1.852952,-1.031283,-0.590124,-2.040356,-2.744688
Mycophenolic acid,0.011935,-0.234957,0.180674,-1.127037,0.881724,-1.874341,-1.820856,-0.459811,-0.332677,0.294648,-0.248874,-0.288247,-0.299553,-0.772173,0.114617,1.382003,-0.024238,-0.676085,0.07111,0.233889,-1.186819,-0.46034,0.415231,0.107319,-0.755589,-0.292971,0.556279,0.374178,-0.69584,-0.285759,-1.040073,-1.175752
N-acetyl cysteine,-0.846931,-3.132943,2.179043,-3.173101,-0.098184,-6.139954,-3.071261,0.119765,2.093328,-0.0947,-1.020563,-0.128104,-4.342428,-2.088984,-2.227701,3.34529,1.607795,-4.705297,1.304749,-1.718005,-1.870716,2.165669,2.190464,2.228402,-2.069249,-0.488021,0.217792,3.319119,-1.387402,-0.165516,-3.630565,-3.259864
NU7441,0.408939,-1.192463,0.799603,-1.497879,1.026604,-1.944001,-1.73782,-0.168667,0.773286,0.541405,-0.779088,0.634374,-1.266991,-0.458771,-0.491415,1.025859,0.256185,-1.185943,0.307583,0.013339,-0.867661,0.685835,0.589158,1.50352,-1.223628,-0.459741,0.160969,0.760833,-0.099391,-0.336806,-0.366577,-1.559172
NVP-ADW742,0.072685,-1.32853,0.941987,-1.093688,0.108214,-1.148524,-1.508345,0.468329,0.272248,0.208743,-0.700635,-0.599034,-1.355941,0.267157,-0.35925,1.767447,0.415746,-1.761438,1.057891,-0.12395,-0.923357,0.779258,0.770584,-0.166317,-0.278341,0.27248,1.213568,1.078637,-0.550498,0.252386,-0.558968,-0.244662
Navitoclax,-0.029509,-0.646634,0.08071,-0.382076,-0.66279,-0.656617,-0.414112,0.397478,0.462774,0.857842,0.374347,-0.464051,-1.08276,-0.823571,0.030084,0.063461,0.724872,-0.278355,-0.266745,-0.298054,-0.352543,0.768064,1.354277,-0.346299,-0.60646,-0.297843,-0.523745,0.277489,-0.041554,-0.238311,-1.362076,0.799367
Nelarabine,0.108648,-1.859486,0.940525,-2.080385,0.296109,-4.492888,-2.940245,0.753945,2.309245,0.493901,0.342122,-0.623125,-2.720623,-0.758025,-0.002749,2.564815,0.089052,-3.226043,0.725623,-0.827157,-1.031861,1.517929,2.368368,2.529324,-1.6844,-1.241947,0.778979,2.70845,-1.10619,0.007227,-1.65551,-2.070404
Nilotinib,-0.009266,-1.459156,-0.365156,-1.707204,0.00181,-1.299294,-1.304068,-0.073869,0.250895,0.490006,0.57012,0.247771,-1.091199,-1.416633,-0.610228,1.970538,0.885014,-2.431331,0.277822,-0.181591,-1.019429,-0.57778,1.021664,0.484335,-1.183319,-0.468933,0.24555,0.915416,-0.893865,-0.285185,-1.922006,-0.972526
Niraparib,-1.445213,-1.482875,1.50021,-2.074183,0.622452,-1.90135,-3.334264,0.173371,-0.503639,0.157697,-0.149894,-1.622204,-0.908087,-0.767681,-1.007275,2.070075,-0.463089,-2.845041,-0.739723,0.413348,-0.690214,1.103544,1.454838,1.465064,-1.022671,-0.25573,0.472889,0.929885,-0.629525,-0.098083,-1.344371,-2.25223
OF-1,-0.689005,-0.752545,0.852775,-1.201174,-0.290544,-3.133963,-2.046654,0.12955,0.570843,0.856613,-0.051718,0.55611,-1.606567,-2.086907,-0.035508,0.53847,0.535637,-2.544182,1.467828,0.248703,-1.199033,0.684624,1.383587,1.571002,-1.012093,-0.890727,0.046477,1.191206,0.031024,-0.01321,-1.740158,-1.13921
OSI-027,-0.204074,-0.384008,1.908354,-1.136516,0.564545,-1.909016,-1.097388,0.169114,0.482093,1.365854,-0.243961,0.05737,-2.124158,-0.348337,0.209901,0.564952,-0.985725,-1.401493,0.262663,0.060145,0.474766,0.289508,0.380127,0.146635,-0.558881,-0.002736,-0.013128,1.154138,-0.142965,-0.123935,-1.318539,-1.17872
OTX015,-1.224346,-0.624091,0.590186,-0.762182,0.398677,-1.181798,-0.986914,0.162432,-0.184124,-0.171645,-0.055892,-0.579151,-0.607108,-0.834287,-0.214985,0.799854,0.614187,-0.786377,0.574361,-1.323138,0.122213,1.192745,0.482184,0.771617,-1.034127,-1.191102,-0.136976,0.414275,-0.513566,-0.609697,-1.142807,-0.844642
Obatoclax Mesylate,-0.387512,0.083772,0.487023,0.97321,0.599962,-0.226746,-0.546194,0.181862,0.294548,-0.226199,0.371311,-0.752565,-0.384982,0.149989,-0.225663,0.084508,-0.007821,-0.731151,0.644551,-0.577461,0.038768,0.315539,-0.291069,0.202071,-0.603973,0.640564,-0.510515,-0.153562,-0.697277,-0.711847,0.598976,0.058782
Olaparib,0.052596,-1.703616,1.52335,-1.999558,0.668402,-2.984389,-2.049277,0.635117,1.392132,0.521564,-0.675213,-0.614885,-1.844053,-1.360644,0.086519,0.173589,0.057433,-2.547241,-1.00057,-1.198832,-0.567548,0.810497,2.127163,1.983545,-0.8747,-0.245446,0.463703,-0.059052,-1.320344,-0.191072,-1.13054,-1.410577
Osimertinib,-0.453254,-0.081563,1.169145,-0.166139,0.603459,-1.299116,-0.153011,0.175295,0.639959,0.271869,-0.120909,-0.586648,-0.810258,0.118888,-0.460382,0.996633,0.5473,-1.066676,0.863002,-0.378109,0.40261,0.535283,0.528436,0.04059,-0.480726,-0.262745,-0.456811,0.398712,-0.651188,0.196408,0.077578,-1.235775
Oxaliplatin,0.838461,-1.450774,0.590721,-1.221463,0.050561,-2.609698,-1.943189,-0.150314,1.330016,0.081487,-0.869923,-0.119171,-2.540909,-1.520236,-0.007524,0.787557,-0.707791,-1.999647,0.272893,-0.613612,-1.044592,0.91765,0.975124,1.958824,-1.838202,-0.182893,0.755296,0.898965,-1.139992,0.265216,-1.945667,-1.871377
P22077,0.425315,-1.419809,0.219072,-0.785308,0.018791,-2.864107,-1.676799,0.580026,1.983954,-0.597185,0.255837,-0.037624,-2.077544,-0.584461,-0.158762,0.745398,1.341779,-3.174936,-0.127305,-0.65413,0.042693,0.676995,1.384918,1.981429,-1.290457,-1.009365,0.241491,2.010931,-0.615652,0.713062,-1.13428,-1.947767
PCI-34051,0.007519,-1.838709,0.763925,0.609651,0.788156,-2.185715,-2.084789,1.047612,1.5356,1.169596,0.76216,-1.141534,-2.528825,-1.462924,-1.086948,1.57304,0.175347,-1.317453,1.385009,-0.517336,0.073936,1.560688,1.151086,0.238701,-1.229384,-0.735126,0.545507,1.347019,-0.608214,0.013978,-2.083277,-1.391319
PD0325901,-0.224669,-0.280945,0.774946,-1.051888,-0.065424,-0.765045,-0.735482,0.520815,-0.094234,-0.215982,-0.39661,0.437585,-0.778714,-0.02923,0.821953,0.343315,0.679785,0.200716,0.630315,-0.147089,0.07726,-0.423393,-0.018706,0.033064,0.818061,-0.517656,-0.294433,-0.170617,0.107331,0.004445,0.144931,-0.095186
PD173074,-0.70575,-1.622583,1.630594,-1.508593,0.834498,-2.333234,-2.014477,0.07524,0.36701,-0.085285,-0.032814,-0.0912,-2.498997,-0.838258,-0.824164,0.894058,0.46234,-2.307016,1.064555,0.150248,-0.189195,0.457462,0.706911,1.114255,-1.042318,-0.660759,-0.206107,1.103494,-0.754252,0.130213,-0.942427,-0.828151
PF-4708671,-0.64438,-0.953956,0.53407,-1.942751,0.013672,-1.604617,-1.635867,0.9976,1.080471,-0.009998,0.453795,-0.105955,-2.080078,0.143695,-0.373045,1.163241,-0.052709,-1.334579,0.612374,-0.105696,-0.992622,1.084692,1.581237,0.682098,-1.624496,-0.046817,-0.425101,1.14081,-0.746639,0.406687,-1.40398,-0.752016
PFI-1,-0.273619,-0.794135,2.036571,-2.02775,0.401567,-1.023304,-1.591767,0.271758,1.297778,0.230213,-0.995111,0.197737,-2.810475,-1.089139,0.040112,1.115139,0.073575,-1.717482,-0.029034,-1.082269,-0.69097,0.656936,0.639612,1.457916,-0.794555,-0.558205,0.259641,1.428795,0.008902,-0.368554,-1.026278,-1.180982
PFI3,0.417754,-1.696534,0.878457,-2.212129,0.510318,-2.27043,-2.397057,0.721811,1.03417,0.333288,0.570053,-0.106409,-3.019625,-1.45422,-0.119299,1.786172,-0.016882,-3.270096,0.877589,-0.12761,-1.089412,2.230132,2.084924,1.389308,-1.769525,-0.989155,0.705202,1.338482,0.059388,0.431915,-1.47855,-2.530403
PLX-4720,-0.353624,-0.744683,0.785829,-1.023137,0.50833,-2.517076,-2.074916,0.208332,1.053083,0.738643,-0.592937,-0.522131,-1.896169,-0.602755,-1.051973,0.713473,0.782873,-3.046755,1.063032,-0.577659,-1.652163,0.553522,1.527422,0.94211,-1.078982,-0.031205,0.328764,0.797372,-0.771285,0.466503,-0.593086,-2.562201
POMHEX,0.539801,-0.322645,0.810167,-0.792016,-0.795722,-0.537266,-1.032698,-0.610817,-0.346615,0.372996,0.020773,0.263779,-0.291307,-0.51517,-0.230221,0.191751,0.040287,-1.229906,0.332424,0.374559,-0.694841,0.899552,0.493173,0.514742,-1.204948,-1.034518,0.212279,0.807805,-0.53852,0.756459,-0.100833,-0.960514
PRT062607,0.002228,0.204326,0.182932,-0.929501,0.042837,-1.562549,-0.664949,-0.000645,1.281465,1.278151,-0.079934,0.098051,-1.740792,-0.694172,-0.538711,1.432031,0.938298,-1.778577,1.083673,0.388523,-0.238409,0.340031,0.702108,0.504335,-0.345932,-0.908205,0.6623,0.41325,-0.056722,-0.172912,-0.41486,-0.598821
Paclitaxel,0.729463,1.66533,-0.65524,0.499719,-0.710878,0.688747,0.632163,-0.139596,-0.932565,-0.241542,0.34858,0.114116,0.745965,0.60966,-0.042082,-1.069794,0.367661,1.423115,0.599018,1.056196,0.308685,-1.096228,-0.937587,-0.246503,0.496697,0.727361,0.311413,-1.249306,0.085521,0.520437,1.053824,0.714308
Palbociclib,-0.190479,-1.162824,0.09444,-0.918649,-0.016689,-3.480949,-1.427838,-0.160923,1.631648,-0.110037,-0.672108,-0.067023,-1.906391,-1.157112,-0.23631,0.606703,-0.362325,-1.016476,0.635237,-0.542619,-0.723366,0.905005,1.585758,0.614796,-0.711568,-0.582986,0.25865,1.120319,-0.514159,0.169863,-0.935857,-2.029292
Pevonedistat,-0.682816,-0.490825,1.152252,-0.778952,-0.043693,-0.835052,-0.66123,0.146066,0.914007,0.277556,-0.435219,1.289514,-0.388409,-0.496842,0.572798,0.071261,0.930856,-0.94532,0.808764,-0.01087,0.449711,1.127824,-0.268064,0.90728,-0.947214,-0.613039,-0.305879,0.534017,-0.122104,-0.137274,-0.246915,-0.050385
Pictilisib,0.328966,0.14286,1.224368,-0.477249,-0.180723,-0.442156,-1.079718,-0.264118,0.781909,0.003427,-0.648293,-0.859974,-0.540686,0.295847,0.388231,0.459439,1.135775,-0.726188,0.054571,-1.430884,-0.48238,0.659771,1.175996,-0.059212,-0.089596,0.405268,0.132202,-0.768818,-0.05948,0.309762,-0.896517,-0.584229
Piperlongumine,-0.587105,-2.018317,1.08372,-0.848207,0.943629,-0.929852,-1.097851,0.094881,0.79502,0.60224,0.081164,0.344061,-1.173299,-0.997593,-0.351736,0.835427,-0.362559,-1.890563,0.44836,-0.470131,-0.552187,0.24419,1.475026,1.276477,-1.200452,-0.480754,0.654646,0.977251,-0.35291,-0.697506,-1.108221,-1.087637
Podophyllotoxin bromide,0.140031,0.972054,-0.436908,-0.37429,-0.078027,0.738552,-0.572516,0.704447,-0.16993,-0.386633,-0.786953,0.387476,0.082423,0.167151,-0.398062,-0.279672,-0.282337,0.150042,-0.371603,-0.723333,1.44117,-0.751209,-0.026426,-0.991838,-0.903161,0.08405,0.049541,0.519896,0.254223,-0.053808,-0.349084,0.885434
Pyridostatin,0.449632,-1.782478,0.920539,-1.26609,0.0561,-1.761988,-1.039903,0.120529,0.668968,0.937309,0.339662,-0.293847,-2.435151,-0.616991,-0.155845,-0.218593,0.502561,-2.140741,0.244788,-0.875763,-0.816041,1.366429,0.906837,1.503524,-1.322997,0.040463,0.363912,1.245267,-0.521626,0.117319,-2.496401,-2.021025
RO-3306,0.193772,-2.179067,0.6347,-1.36296,-0.185541,-2.489959,-1.317448,0.720044,0.328771,-0.100026,-0.492167,-1.540143,-1.546873,-0.320261,0.004312,0.72127,-0.249878,-1.918233,0.769234,-0.343914,-0.596004,1.240183,0.758503,0.908978,-0.10093,-0.436731,-0.271216,0.732717,-0.99338,-0.024558,-1.658473,-1.173316
RVX-208,-0.38742,-2.580971,1.334802,-1.679371,0.558888,-3.151337,-2.297561,0.483502,1.820233,0.251735,0.046177,-0.593295,-2.895544,-0.55026,-0.207448,1.873823,0.402596,-2.233879,0.912391,0.256952,-0.478059,0.910514,0.826787,1.415507,-1.077152,-0.089634,1.152768,1.353685,0.362214,-1.146322,-1.379454,-2.117475
Rapamycin,-0.945214,0.557126,-1.2403,0.678786,-0.112552,1.778403,0.072486,0.331753,-0.410368,0.407815,-0.14393,-0.478802,0.311055,-0.198081,0.525475,0.080814,-0.496244,1.411374,-0.963337,0.329724,0.755402,-1.104593,-0.743338,-0.221401,-0.944799,0.860091,-0.029243,-0.248533,0.09174,-0.745861,0.955294,0.702878
Refametinib,0.007464,-0.129678,0.904775,0.183265,0.209918,-1.593397,-0.939911,0.33318,0.978136,-0.624401,-0.069368,0.613048,-1.061531,0.007156,-0.046746,1.151037,-0.186086,-1.52529,0.216492,-1.011306,-0.56589,0.515914,1.548791,0.794338,-0.221745,0.385352,-0.271402,0.538622,0.907599,-0.157777,-0.146227,-0.279798
Ribociclib,-0.753621,-0.986104,0.960957,-1.152395,-0.151678,-2.673079,-1.67121,0.163529,1.389349,1.093574,0.573506,0.105181,-2.097598,-0.98121,-0.392098,0.824488,0.659391,-1.542199,0.617854,0.097037,-1.182741,1.126455,0.764697,0.534448,-0.639516,0.274275,0.601463,1.063083,-0.361985,-0.132125,-1.756787,-1.9121
Romidepsin,-0.0185,1.678768,-1.268802,2.229651,-0.431356,3.317843,1.985626,0.606659,-1.103839,0.90484,0.355194,0.359698,1.841129,0.393897,0.218002,-2.07773,-0.334999,2.468608,-0.408679,1.237644,1.004933,0.091834,-2.185357,-1.518236,1.030645,0.947353,-1.633162,-2.233087,0.688769,1.063353,1.827099,1.177654
Rucaparib,-0.614904,-0.442504,0.684066,-1.947743,0.991247,-1.864113,-0.969032,-0.236974,0.130412,0.273804,0.02772,-0.181798,-1.048758,-1.737329,-0.127163,0.729975,0.843376,-2.369372,-0.015099,-0.770598,-1.541349,0.759862,0.860363,1.519266,-0.694766,0.470174,0.583732,1.439982,0.120626,-0.538333,-2.081925,-1.346423
Ruxolitinib,-0.730951,-0.311658,1.924286,-0.693945,0.335053,-2.5754,-2.161819,0.727832,0.466459,-1.022261,-0.563586,-1.165745,-1.411808,-0.139302,-1.371545,2.183629,0.975546,-3.349542,0.276304,-0.850252,-0.610705,0.275402,1.450335,1.011744,-0.98412,-0.5582,0.214258,1.312455,0.320978,-0.478524,-2.129862,-1.448377
SB216763,-0.092938,-2.367027,2.406214,-2.091584,0.138745,-2.994548,-1.218692,-0.531023,1.29655,1.312491,-0.117073,-1.090059,-2.628806,-1.0259,-0.05728,1.488819,0.952418,-3.483664,-0.213414,-0.845544,-0.342988,0.994077,1.762409,1.600097,-0.762019,-0.790224,0.863852,1.115061,0.239875,-0.69147,-2.17689,-1.601857
SB590885,0.022232,-1.220681,1.190029,-2.142777,1.079996,-2.117629,-1.058573,-0.006555,1.17461,0.322935,0.412665,0.186103,-1.83825,-1.700955,0.287045,1.661331,0.145436,-2.103822,-0.331454,0.023763,-1.621418,0.690015,1.471381,1.738082,-1.044918,-0.08715,0.419404,1.260494,-0.584303,-0.33748,-2.291022,-1.949503
SCH772984,0.112859,-0.871256,0.502775,-1.023537,-0.284351,-1.629988,-1.091055,0.141547,0.718013,0.030703,-0.59647,-0.911607,0.254949,-1.073085,-0.584503,1.00478,0.423009,-0.984193,0.00743,-0.152572,-0.447204,0.27575,0.850544,1.185124,-0.60355,-0.226063,0.767937,1.169371,0.453693,-1.009182,-0.328463,-0.543677
SGC-CBP30,-0.460071,-1.225595,1.576489,-1.974396,0.488137,-2.068104,-2.232472,0.180378,1.093989,-0.179116,-0.587335,-0.452229,-1.48822,-0.597845,-1.019243,1.676721,0.021055,-3.057641,0.230495,0.069483,-0.536892,0.780725,1.108908,0.994973,-1.017837,-0.929285,0.249186,1.138625,-1.287756,-0.656432,-1.20826,-1.523583
SGC0946,-0.162895,-1.12296,1.307319,-1.189147,0.257556,-1.480173,-0.819733,0.352993,-0.219274,0.104798,0.522409,0.690803,-0.997718,-0.433266,0.815077,1.234337,-0.091874,-1.421688,0.68272,-0.748444,0.116834,0.55302,0.909256,0.459122,-0.844325,0.535933,0.085606,0.409946,-0.342351,-0.02061,-1.213333,-1.037051
SL0101,-0.328282,-1.087156,0.731135,-2.620539,-0.685411,-3.53246,-1.215109,0.289107,1.304726,0.512858,-0.136987,-0.467192,-1.588207,-0.954521,0.042024,1.819371,0.181589,-2.765164,0.098871,0.0591,-1.168777,0.473882,1.631557,1.280743,-1.050631,0.503531,0.929387,1.406017,-1.388194,-0.514994,-1.22368,-2.293008
SN-38,1.083793,1.050066,-0.78657,0.870377,0.042438,1.35315,2.391981,0.464579,-0.235948,-0.864176,0.216731,0.901418,1.754312,0.208681,0.129123,-1.268245,-0.640512,2.502671,-1.280039,0.707634,0.021264,-1.083712,-2.021388,-1.192729,1.582798,0.437282,-0.925792,-0.453272,1.088097,0.235075,2.108173,1.59019
Sabutoclax,0.342456,-0.313155,0.244849,0.210585,0.242432,-0.17826,0.175224,-0.424909,-1.135379,0.484808,-0.741514,0.078797,0.290259,0.223535,-0.102982,0.04712,0.206721,0.515056,0.839594,0.14933,0.088686,-0.504564,0.131674,0.25574,-0.025906,0.298189,-0.173986,0.253839,0.49641,0.464854,0.151527,-0.419857
Sapitinib,-0.321152,-0.89322,2.150448,-1.544818,0.463063,-2.484274,-1.98229,-0.116526,-0.209851,0.869648,-1.245265,-0.470904,-2.253622,-1.252609,0.169662,1.290669,-0.095844,-2.279635,-0.017879,-0.455308,-0.67565,1.636428,0.202576,1.031053,-1.102597,0.125155,0.550354,1.393475,-0.366924,-0.675015,-0.639908,-0.947468
Savolitinib,0.446683,-0.236442,0.884214,-0.261916,0.360314,-1.718579,-1.093851,0.149717,0.346646,0.956652,0.053191,-0.199862,-1.01985,0.898876,-0.944084,0.445465,-0.408147,-1.5639,0.388859,-0.548845,-0.825672,0.573439,0.595481,0.919745,-0.131949,0.084627,0.712501,1.343962,-0.252027,-0.231762,-1.294518,-1.177773
Schweinfurthin A,-0.267055,-0.042644,0.491052,-0.123102,-0.499507,-0.040935,-0.726426,-0.473982,0.065581,1.308064,-0.238521,-0.278832,-0.667047,-0.352309,-0.568633,0.479859,0.6705,-0.523728,-0.430424,-0.320889,-0.537186,0.262695,1.06339,0.285212,-0.368177,0.769407,0.566034,0.663789,0.794012,0.173206,-1.420522,-0.045633
Selumetinib,-0.810097,-0.87841,0.001992,-1.508177,0.036193,-2.431257,-1.561257,0.721834,0.414096,0.451505,-0.603579,-0.409148,-1.381885,-1.249892,-1.136838,1.349737,0.920331,-1.880418,0.109737,-0.324248,-0.679071,0.760136,-0.1876,0.437848,-1.298887,-0.247432,0.438829,1.33671,-0.371541,-0.844224,-0.431682,-0.613065
Sepantronium bromide,-0.612721,1.449798,-1.295803,1.550825,0.273216,3.442951,1.987283,-0.091408,-1.065979,-0.116874,0.820216,0.34301,1.351009,0.063627,0.815471,-1.159087,-0.739907,2.652311,-0.604138,0.399944,0.813057,-0.917695,-1.133101,-0.554274,0.447081,0.619464,-0.315882,-1.106862,1.017361,0.249931,1.582561,1.809431
Serdemetan,-0.26772,-1.068026,0.821505,-1.471754,0.079409,-2.020396,-1.488161,0.423895,0.841351,-0.604784,-0.117448,-0.314856,-1.58075,-1.125536,-1.128014,1.529243,0.258764,-1.943958,0.23235,-0.446331,-1.003903,0.220109,1.423734,0.770513,-0.884116,-0.15073,0.087938,0.521087,0.661426,-0.477613,-0.961884,-0.40732
Sinularin,0.380129,-1.312002,0.869918,-1.757268,0.670262,-1.86935,-1.716081,-0.304857,0.150508,0.681486,-0.066841,-0.223237,-2.03547,-1.522422,-0.024655,1.182154,0.831045,-2.129475,0.237562,-0.066322,-0.377351,1.070643,0.98484,1.330184,-0.36724,-0.392022,0.107113,1.742904,-0.853544,0.110812,-1.2444,-2.234686
Sorafenib,0.553772,-2.203726,-0.350646,-0.688345,0.426407,-1.846934,-0.961804,-1.112203,0.929341,0.258495,-0.113004,-0.224379,-0.906319,-0.575783,-1.296232,1.922506,0.868353,-2.017285,0.080151,-0.418303,0.011563,-0.602651,0.554466,-0.154109,-0.796967,-0.477373,0.298165,0.45829,-0.74917,0.165052,-0.63538,-0.657099
Staurosporine,-0.07757,0.566728,-0.722462,1.234676,-1.25675,1.776703,1.225191,-0.12761,-0.669918,-1.421196,-0.126705,1.137432,1.198255,0.426606,0.379764,-0.674737,0.052427,1.306708,-0.048777,1.148732,1.048777,0.677091,-1.159451,0.08741,0.281138,0.426032,0.099214,-1.041754,0.430234,0.604886,0.536657,1.798928
TW 37,-0.697958,0.526327,0.845572,-0.556786,-0.113754,-1.075242,-0.624832,0.0583,0.937267,1.056185,0.051196,-0.549073,-0.892836,-0.39339,-0.708216,-0.146199,1.192649,-0.58797,-0.280672,0.246829,-0.87302,-0.291518,0.030797,1.217761,-0.47834,-1.350512,0.743938,0.255874,-1.125631,-0.236192,-0.203406,-0.299568
Talazoparib,0.887032,-1.3805,0.765343,-1.451056,-0.58269,-1.324971,-0.966465,0.319419,0.879534,-0.188152,-0.607169,-0.252789,-0.753106,0.154698,-0.017806,0.968172,0.444855,-1.584566,-0.220629,-0.335043,-1.278036,0.489728,1.748073,1.251498,-1.218582,-0.315142,-0.11837,0.848741,0.088311,0.159029,0.244095,-0.482808
Tamoxifen,0.086022,-0.913518,0.872487,-2.008958,0.900136,-1.815315,-1.692802,0.370007,1.494649,0.626037,-0.868452,-0.234629,-1.834055,-0.295634,-0.029772,1.9107,-0.15218,-2.4791,0.940684,-0.751674,-1.562041,0.990386,0.946863,1.997322,-0.845353,-0.285909,0.20752,1.950245,-0.387958,-0.424028,-1.706695,-1.452777
Tanespimycin,-0.488535,0.537047,-0.921752,-0.043662,0.300602,0.212947,-0.330252,0.325922,-0.458804,-0.014855,0.328393,0.237892,-0.305917,0.614134,0.053193,0.348902,0.757206,0.596444,0.553138,0.104571,0.411436,0.093724,-0.626699,0.131466,0.146118,0.298474,-0.071079,-0.40158,0.338495,-0.652668,0.753057,-0.090141
Taselisib,0.115257,-0.308976,0.752809,-1.383475,0.528205,-0.93831,-1.056313,-0.265347,0.243678,-0.554063,0.796815,0.575614,-0.596442,-0.512047,-0.354742,0.96696,1.07002,-1.265728,-0.378551,0.559654,-1.270045,-0.164076,0.44997,-0.262277,0.089337,0.256482,-0.103162,1.182365,0.458149,-0.159841,-0.840632,0.464521
Telomerase Inhibitor IX,0.357564,-0.108294,0.865657,-0.12196,-0.206118,-0.398014,0.222404,-0.952083,0.021073,0.729839,-0.281788,0.705741,0.376841,-0.193689,-0.387248,0.092646,1.409125,0.543076,0.135146,-0.390164,-0.092809,0.258657,-0.391194,0.248213,0.473591,-0.968804,0.487348,0.905487,-0.3874,0.805583,-0.592495,-0.046877
Temozolomide,-0.179375,-2.190063,1.275116,-2.00138,0.826558,-3.805449,-3.237334,0.580631,1.632884,0.221603,0.710941,-1.361723,-3.955455,-1.751438,-0.531723,1.507509,0.171133,-2.919127,0.85528,-0.552925,-0.912662,0.965153,1.795641,2.198019,-2.288311,-1.666732,0.421188,2.343796,-0.794844,0.07117,-3.138335,-2.145482
Temsirolimus,0.322664,-1.009865,0.691131,-0.441811,1.601715,-1.708299,0.264562,-0.134828,-0.57506,-0.209288,0.10217,0.423519,0.393448,0.48332,-0.628353,0.899362,0.3043,-0.884805,-0.003474,-0.476691,-0.195508,-0.171407,-0.187978,0.534046,0.04899,-0.191577,0.788577,0.178269,-0.30291,0.271536,-0.416055,-0.335862
Teniposide,-1.262715,-0.187246,-0.761487,-0.836243,-0.629037,-0.883689,-0.520045,-0.206841,0.4687,0.142885,-0.971924,-0.014035,-0.114292,-0.297402,-0.115628,0.290646,0.445844,-1.113475,-0.062226,0.682956,0.583149,0.538584,0.459073,0.999537,0.803729,-0.121722,-0.423456,0.045259,1.459735,-0.819012,-0.439861,-0.927557
Topotecan,0.0613,-0.686108,0.011542,-1.072884,0.325548,0.454128,-0.29841,-0.051789,-0.022524,0.104188,-0.028353,0.359929,0.498034,-0.464723,-0.191579,0.535525,-0.683298,-1.126647,0.139129,0.217313,-0.415397,-0.240307,-0.297474,-0.358832,0.279495,-0.615029,-0.106215,-0.37449,-0.766045,0.420211,-0.348572,-0.001642
Tozasertib,-0.763425,-1.106554,0.950082,0.444601,-0.842854,-1.463405,-0.717546,-0.171143,0.938327,-0.314188,-0.003504,-0.470438,-0.418521,-0.838797,-0.496288,1.208019,-0.27505,-1.19173,-0.685883,-0.811772,-0.279699,-0.069959,0.444721,0.894201,-0.873226,0.19638,0.338208,0.896284,0.287241,0.030795,2.4e-05,-0.37627
Trametinib,-0.262088,0.618255,0.153956,-0.230027,0.144785,0.503695,0.191962,0.916467,0.563037,0.266168,-0.51613,-0.097928,-0.003754,0.329043,0.306333,0.113073,0.069375,0.313025,-0.420616,0.837448,-1.041707,0.744082,0.005011,0.526224,0.159451,0.164738,0.285996,0.430646,-0.177245,0.512429,-0.571856,-0.034692
Tretinoin,0.398319,-1.043628,1.428883,-1.975526,0.752678,-3.190019,-1.059528,0.244501,0.306169,-0.34765,-0.146683,-0.36881,-1.169451,-1.568098,-0.651442,1.010568,0.254341,-1.72685,-0.095962,-0.267563,-0.789855,0.879157,1.761935,0.776911,-0.39462,0.511885,0.506219,2.63297,-0.897694,-0.070298,-0.89604,-1.972434
UMI-77,-0.703148,-1.775516,1.784482,-1.383722,0.098608,-2.352912,-0.743447,-0.210307,0.431359,0.306862,-0.638044,-0.365328,-0.654332,-0.445791,-0.35702,1.07655,0.120445,-0.618193,-0.108974,-0.247562,-0.563056,1.065136,1.496757,0.837743,-0.62402,-0.119203,-0.832385,0.099837,-0.741815,-0.451002,-1.613875,-0.721833
UNC0379,-0.013534,-1.250915,0.261235,-1.342215,-1.087525,-2.20022,-1.404406,0.333798,0.016359,0.297687,-0.645751,-0.73178,-1.239572,0.228781,-0.472351,0.734384,0.465846,-1.436636,0.660889,0.955216,-1.089538,0.787443,1.889147,1.749954,-1.882378,-0.335991,1.100413,2.500054,-0.166172,-0.384661,-1.70074,-0.183934
Ulixertinib,0.354142,-1.225604,0.521775,-0.770105,0.430188,-1.934917,-1.313641,-0.677279,1.079517,-0.04094,0.145518,0.482942,-1.010541,-0.602009,-0.252128,0.832721,0.883489,-1.180675,-0.026598,0.232096,0.102247,-0.205615,1.54772,0.888113,-0.494354,0.26898,-0.032445,1.216385,-0.551523,-0.878174,-1.337298,-0.623017
Uprosertib,-0.484458,-0.113664,1.309084,-0.393676,0.243803,-1.573191,-1.750486,0.668881,0.831331,0.432499,0.743707,-0.564513,-1.347279,-0.461904,-0.867817,0.824391,0.544933,-1.694045,0.935986,-1.089935,-0.026572,0.86188,0.611087,0.346683,-1.769065,-0.666162,0.811316,0.819292,0.165291,-0.471194,-0.607383,-1.397745
VE-822,-0.495748,-1.069188,0.457333,-1.943677,0.109396,-1.828477,-0.641158,0.657431,1.319055,0.524728,0.05526,-0.903595,-1.344756,-0.392805,0.286409,1.358204,0.950137,-2.208888,0.14798,-0.155085,-0.069511,0.514723,0.948753,1.237795,-1.368761,0.506793,-0.121486,-0.022566,-0.455074,0.670958,-0.769087,-0.773064
VE821,0.004315,-1.359636,0.225638,-2.611089,0.351575,-1.721628,-1.439581,0.550675,1.687929,0.372325,-0.201657,-0.774628,-0.782962,-0.610199,-1.030749,0.697149,1.043485,-2.658029,1.320167,-1.845498,-0.110093,0.985668,1.310333,1.042305,-0.072958,-0.021675,-0.04964,0.324291,-0.492791,-0.225818,-2.102383,-1.479198
VX-11e,-0.297848,-0.848042,1.026066,-0.237893,0.622822,-1.940532,-0.886276,0.190256,-0.070741,0.337267,0.835105,-0.226525,-1.98902,-0.565177,-0.978206,1.284015,0.539445,-1.506751,0.095682,-0.416556,-0.541572,0.106993,0.137276,1.320112,-0.869246,-0.165754,0.409693,0.947458,-0.973201,-0.987591,-1.186232,-0.766481
Veliparib,-0.385442,-1.859755,2.37191,-2.86447,-0.045318,-2.168563,-2.134786,-0.039884,1.758919,0.300177,-0.358093,-0.382722,-2.680651,-1.653661,-0.789447,1.17586,0.551873,-2.626921,0.941987,-0.048513,-1.279516,1.222581,1.886071,1.645115,-1.574509,-1.005838,0.777877,0.698178,-0.896049,-1.572107,-2.427832,-2.341139
Venetoclax,0.539926,-0.317065,0.237162,-0.3984,0.574361,-1.305218,-1.522368,0.019091,0.41263,-0.509114,0.111238,-0.048298,-0.701624,-0.310475,0.077001,0.571087,0.31567,-1.300853,-0.089682,0.42843,-1.444992,0.820706,0.334153,0.207075,-0.393762,-0.938077,-0.200956,0.185192,-0.410206,-0.518114,0.109048,0.150823
Vinblastine,-0.997674,1.316225,-0.3826,1.476585,-0.535226,1.812338,0.936912,-0.404453,-1.333921,-0.226552,-0.637245,0.197151,0.835155,0.813965,0.114986,-0.898193,0.201606,2.535016,-1.583905,-0.036983,0.516645,-0.37362,-1.842875,-1.410311,0.893568,0.347667,-0.13818,-0.74112,0.642289,0.280091,1.119931,1.513154
Vinorelbine,-1.10812,1.676582,-1.805573,0.504324,-0.291973,2.011959,-0.361943,-0.182392,-0.235242,0.350727,-0.249778,0.107047,0.956163,0.419179,-0.122036,-1.348538,-0.076629,1.573328,-0.031321,0.436279,0.930984,-0.083918,-1.752433,-1.223463,0.6019,0.253059,-0.618298,-0.378146,1.399701,0.251832,0.988163,1.447567
Vismodegib,-0.95319,-1.574201,1.724789,-2.155,-0.299616,-3.035871,-2.024969,-0.158686,2.157085,0.018007,-0.750506,-0.498998,-1.766465,-1.072331,-0.448975,1.151796,1.259879,-2.36682,1.010549,-0.395724,-0.604137,0.482069,1.302616,2.071806,-0.480438,-1.037898,0.622348,1.249569,-1.068124,-0.136397,-1.090976,-1.570592
Vorinostat,-0.166221,-0.249184,0.213988,-0.378693,0.798273,-1.977208,-0.237538,-0.675236,0.967869,-0.236432,-0.664228,0.203414,-0.526086,-0.844379,-0.847133,0.412592,-0.43746,-1.375184,0.213038,-0.66738,-0.110957,1.038048,0.419543,0.511133,0.607086,-0.741905,0.754284,1.002688,0.197647,0.556948,-0.389617,-0.864415
WIKI4,0.531977,-0.633295,1.485634,-1.362499,-0.121192,-2.127088,-1.035389,0.735467,0.622773,0.352062,-0.785564,0.150946,-2.068678,-0.423861,-1.097135,1.714756,0.550669,-2.390419,0.713273,-0.731963,-0.393026,0.556742,0.308895,0.565103,-1.167096,0.333368,0.82631,1.918449,0.283311,-0.47796,-1.349111,-1.562446
WZ4003,-0.352394,-2.224651,1.006627,-2.14779,0.240393,-1.357918,-1.892007,0.34007,1.363676,0.351402,0.003676,-0.55239,-1.938602,-1.3674,-0.144835,0.432432,0.909143,-2.875255,0.880821,-0.651623,-1.450417,1.043699,1.735359,0.929006,-0.674249,-1.523727,-0.25193,1.848817,-0.702541,-1.15998,-1.713279,-1.936336
Wee1 Inhibitor,-0.091633,-0.863396,0.616739,-0.817326,0.813757,-1.043926,-0.622567,0.708772,0.278992,-0.521087,0.529352,-0.125095,-0.878096,-0.778104,-0.603709,1.101005,0.712596,-0.738244,0.604227,0.037667,-0.368164,0.304411,1.26606,0.410115,-0.352971,-0.60022,-0.117301,0.507273,-0.709133,0.279914,-1.383207,-0.717185
Wnt-C59,0.048762,-2.276183,0.845499,-1.454352,0.485049,-2.641868,-1.382872,0.200472,0.963872,0.347919,0.313621,-0.728087,-2.159561,-1.26736,-0.763082,2.083138,0.731689,-2.850428,0.119786,-0.312679,-1.330538,0.430057,2.008645,0.900242,-0.610285,0.226925,0.062583,0.819316,-0.759071,-0.784926,-1.373283,-1.653098
XAV939,0.162607,-0.68723,1.486354,-1.354801,-0.709393,-2.345666,-0.878736,-1.247354,1.312153,0.144829,-0.576408,0.00609,-1.082151,-0.555449,-0.789077,0.913196,0.522486,-1.873165,0.231054,-0.649686,0.524168,1.34068,1.925772,0.489922,-1.453049,-0.367757,-0.066582,2.078255,0.077392,-0.510004,-0.557445,-1.56927
YK-4-279,1.284911,-0.694366,0.88434,-0.185009,0.790217,-1.165152,-1.033341,0.399766,0.127205,0.200288,-0.638484,-1.108704,-1.046532,0.109341,0.128996,0.725327,1.122576,-1.562517,-0.723996,-1.370188,-1.08128,0.851702,0.429946,0.905542,0.214813,-0.774189,0.479375,0.976631,-0.777711,0.542526,-0.945809,-1.058978
ZM447439,1.044849,-0.597338,1.130443,-0.313717,-0.155667,-0.966083,-1.329259,-0.112486,0.463537,-0.171904,0.317187,-0.110851,-1.445977,-0.247166,-0.511569,0.694209,0.303315,-1.199626,0.458037,-0.494261,-0.126016,0.385403,0.509543,0.022066,-0.189745,-0.244845,0.374378,1.314915,-0.627729,-0.83793,-0.863308,-0.817181
Zoledronate,-0.147288,-0.506287,-0.276325,-0.874861,0.64106,-2.074867,-3.229003,0.873321,0.354722,-0.052432,-0.221221,-0.150186,-1.418032,-0.399632,-0.133474,1.368927,0.611825,-2.617525,0.005391,-0.004867,-0.377,1.080819,0.954553,1.549804,-1.566977,0.175254,0.258907,1.988669,-1.323907,0.663492,-1.481037,-1.595673
alpha-lipoic acid,0.066269,-2.78964,1.862195,-3.18641,0.131506,-4.279298,-3.516116,0.070241,1.017918,0.143537,0.388895,-1.117887,-3.778111,-1.564374,-1.248511,3.55382,0.711776,-3.901328,1.219841,-0.426446,-1.445631,1.33113,3.391468,2.09943,-2.157683,-1.036559,-0.098876,2.662278,-2.279925,-0.431346,-2.655751,-1.640754
glutathione,-0.952984,-3.362468,2.196447,-3.459791,0.300237,-5.435536,-4.286325,0.720562,0.872282,0.458898,-0.618562,-0.320805,-3.192769,-2.147283,-0.572792,2.752237,0.46293,-3.980761,1.152603,-1.057926,-1.520002,1.821074,2.803769,1.90063,-2.445664,-0.539645,0.850594,3.136874,-1.127356,-0.950194,-3.705366,-3.371789
